year,literacy rate in India
1981,40.76359177
1991,48.22206879
2001,61.0145607
2006,62.75447083
2011,69.3025589
2022,76.32277679
