time_period,Girls/Boys_Ratio_average
2018,0.9774194263913226
2019,0.9774438173092515
2020,0.9775747726446046
2021,0.9733597702115361
2022,0.9717661377128319
