time_period,Girls/Boys_Ratio_average
201819,0.9774194263913226
201920,0.9774438173092515
202021,0.9775747726446046
202122,0.9733597702115361
202223,0.9717661377128319
